枕棚収納,https://photos.app.goo.gl/o1qeqTjMW3voiDp58
クローゼット上,https://photos.app.goo.gl/hmwKvHwrLh9jW2Si8
クローゼットケースL74_右下,https://photos.app.goo.gl/Y9BB5NWhVvWJh7HT7
クローゼットケースL74_右上,https://photos.app.goo.gl/2T3iYKnwroEfCh3B8
クローゼットケースL74_中央下,https://photos.app.goo.gl/btqubkaGhF8256np7
クローゼットケースL74_中央上,https://photos.app.goo.gl/hAV6ixomeoDromPY7
クローゼットケースM55_左下,https://photos.app.goo.gl/yrKzw3Ab2YknSjpq5
クローゼットケースM55_左上,https://photos.app.goo.gl/ntf4FtFstC5YjH3N6
クローゼットケースS74_中央,https://photos.app.goo.gl/7dg5twiNJWqDmaL37
クローゼットケースS74_右,https://photos.app.goo.gl/RkgfdxA4kAgBtmRy6
ベッド下右,https://photos.app.goo.gl/iHDRuTjMdnbu4pfr5
ベッド下左,https://photos.app.goo.gl/cpczx7fXbRfBeD586
ラックA_上,https://photos.app.goo.gl/sNiq9Zo6j6sSbbMB8
ラックA_中央,https://photos.app.goo.gl/nRwDQFx3DpQmKspt5
ラックA_下,https://photos.app.goo.gl/qW2DMehjn7c3bLSQ8
ラックB_上,https://photos.app.goo.gl/6Hgrtv9A5CgsRy9E8
ラックB_中央,https://photos.app.goo.gl/3i7RzYBrZNLxgXyT8
ラックB_下,https://photos.app.goo.gl/FCMmmPsKTfkP3gs29